name,gender,email
adham,male,adham@gmail.com
mohsen,male,mohsen@gmail.com
mohammad,male,mohammad@gmail.com
atari,male,atari@gmail.com
reem,female,reem@gmail.com
noor,female,noor@gmail.com
dima,female,dima@gmail.com
ahmad,male,ahmad@gmail.com
gadeer,female,gadeer@gmail.com
mohand,male,mohand@gmail.com
khaled,male,khaled@gmail.com
yusef,male,yusef@gmail.com
amjad,male,amjad@gmail.com
hasan,male,hasan@gmail.com
dunia,female,dunia@gmail.com
sajeda,female,sajeda@gmail.com
